{"one 10e1": 0.0,
  "one 10e2": 0.0009987354278564453,
  "one 10e3": 0.0019986629486083984,
  "one 10e4": 0.023001670837402344,
  "one 10e5": 0.24711346626281738,
  "one 10e6": 2.4354944229125977,
  "one 10e7": 25.18987536430359,
  "one 10e8": 254.25475478172302,
  "t2 10e1": 0.0009999275207519531,
  "t2 10e2": 0.0009999275207519531,
  "t2 10e3": 0.002000093460083008,
  "t2 10e4": 0.025999069213867188,
  "t2 10e5": 0.24205350875854492,
  "t2 10e6": 2.377711057662964,
  "t2 10e7": 25.093267917633057,
  "t2 10e8": 253.36134958267212,
  "t6 10e1": 0.0010006427764892578,
  "t6 10e2": 0.0010013580322265625,
  "t6 10e3": 0.002997875213623047,
  "t6 10e4": 0.024997949600219727,
  "t6 10e5": 0.24184823036193848,
  "t6 10e6": 2.4125514030456543,
  "t6 10e7": 25.08379292488098,
  "t6 10e8": 253.55532574653625,
  "mp_2 10e1": 0.3508439064025879,
  "mp_2 10e2": 0.34504055976867676,
  "mp_2 10e3": 0.3429996967315674,
  "mp_2 10e4": 0.35985302925109863,
  "mp_2 10e5": 0.47449302673339844,
  "mp_2 10e6": 1.6759753227233887,
  "mp_2 10e7": 14.185046434402466,
  "mp_2 10e8": 138.55099749565125,
  "mp_6 10e1": 0.4810516834259033,
  "mp_6 10e2": 0.4795851707458496,
  "mp_6 10e3": 0.4721806049346924,
  "mp_6 10e4": 0.48627305030822754,
  "mp_6 10e5": 0.5245611667633057,
  "mp_6 10e6": 1.0573320388793945,
  "mp_6 10e7": 6.49174165725708,
  "mp_6 10e8": 60.142529249191284,
  "async_6 10e1": 0.0,
  "async_6 10e2": 0.0,
  "async_6 10e3": 0.003000497817993164,
  "async_6 10e4": 0.02299952507019043,
  "async_6 10e5": 0.24100089073181152,
  "async_6 10e6": 2.455322742462158,
  "async_6 10e7": 25.700488567352295,
  "async_6 10e8": 258.4635965824127
}